ph,Solids,Turbidity,Potability
5.22,2212.99,11.56,0
7.78,408.31,3.55,1
7.62,329.31,1.79,1
9.45,1831.06,6.51,0
8.43,347.38,1.31,1
4.79,1296.92,6.98,0
9.55,292.15,11.43,0
9.31,700.27,5.91,0
7.84,138.73,2.03,1
7.46,400.35,2.86,1
7.64,237.73,2.29,1
4.89,1145.21,6.12,0
7.49,306.02,4.96,1
7.68,447.79,1.98,1
7.53,185.7,2.86,1
6.52,284.82,3.09,1
5.02,31.6,1.93,0
6.11,2911.9,6.98,0
8.26,276.58,2.27,1
10.07,294.5,12.56,0
3.96,1569.16,8.55,0
3.38,1079.0,9.35,0
3.58,1022.15,10.64,0
9.34,1425.53,13.48,0
7.26,281.43,1.39,1
6.9,381.25,3.86,1
5.29,468.62,16.8,0
8.88,2218.5,12.69,0
7.55,101.24,2.28,1
7.9,209.06,3.9,1
11.5,380.97,3.78,0
8.93,1821.26,10.83,0
7.9,321.18,5.32,0
7.14,367.96,1.77,1
8.68,736.54,9.52,0
10.41,2074.48,3.46,0
7.22,198.72,2.81,1
7.76,351.5,6.35,1
4.13,1158.47,9.28,0
4.37,1320.18,6.08,0
10.95,1414.13,6.37,0
9.37,0.0,0.0,0
9.24,0.0,16.39,0
8.75,2020.37,9.54,0
7.51,201.85,2.96,1
9.0,1044.58,15.47,0
8.26,714.77,11.19,0
6.74,255.35,3.36,1
6.29,0.0,8.07,0
8.04,306.43,1.42,1
8.22,156.41,3.66,1
6.84,352.19,2.8,1
7.09,292.29,2.84,1
4.3,2450.93,12.02,0
9.1,0.0,8.24,0
7.65,381.29,3.13,1
3.31,362.8,13.3,0
7.61,175.43,2.67,1
7.75,286.17,3.15,1
7.62,108.67,0.78,1
7.35,333.13,3.48,1
3.35,2110.87,0.0,0
7.74,292.72,1.65,1
10.15,897.67,5.22,0
6.15,1846.74,1.21,0
4.49,1034.96,15.37,0
4.2,537.35,5.45,0
8.56,403.25,0.98,1
5.28,2477.58,11.33,0
7.79,413.56,3.45,1
9.26,835.01,0.0,0
7.16,1493.91,4.0,0
8.27,221.67,2.18,1
9.72,381.42,8.25,0
5.08,347.6,7.2,0
8.01,1258.17,5.86,0
7.61,304.56,1.85,1
7.47,0.0,1.48,1
7.66,247.02,3.01,1
7.38,158.46,2.08,1
7.7,173.91,3.42,1
4.1,2751.84,5.96,0
7.69,211.61,2.65,1
5.66,721.98,14.15,0
5.38,1293.28,5.3,0
8.78,186.25,12.58,0
3.98,2117.43,8.05,0
7.6,104.03,1.17,1
3.39,383.13,12.88,0
9.4,1785.24,11.65,0
7.77,253.66,2.03,1
7.44,269.89,1.02,1
10.85,1206.93,16.16,0
5.57,901.77,13.24,0
4.0,741.39,15.72,0
6.78,256.0,2.63,1
9.94,517.88,16.51,0
7.0,243.37,2.6,1
7.63,292.56,0.58,1
8.29,376.74,2.03,1
2.79,2367.43,14.12,0
6.97,347.36,1.58,1
8.23,273.53,5.22,1
3.92,517.25,8.71,0
7.18,336.14,4.04,1
7.55,396.86,1.8,1
3.22,1650.95,2.49,0
9.55,2653.64,0.28,0
6.55,498.51,3.29,0
6.12,1616.54,13.34,0
9.65,1943.55,7.65,0
7.31,232.31,3.11,1
7.68,230.71,3.4,1
6.36,0.0,18.82,0
7.31,311.35,3.16,1
8.29,176.22,4.63,1
7.93,179.97,2.17,1
7.6,239.98,2.57,1
7.72,377.46,1.57,1
9.82,2899.31,8.45,0
5.06,1055.72,14.92,0
7.83,268.47,3.26,1
8.15,139.25,2.68,1
8.52,881.04,6.6,0
7.23,311.09,1.35,1
7.05,158.77,3.97,1
8.9,0.0,7.21,0
8.57,363.39,0.47,1
7.6,373.85,2.67,1
7.26,426.69,1.79,1
4.37,440.22,11.07,0
7.14,253.94,3.56,1
7.69,239.94,2.21,1
7.34,260.79,1.04,1
5.28,731.43,16.73,0
3.96,568.19,6.11,0
5.48,1681.8,0.0,0
7.64,382.72,2.51,1
4.56,803.41,8.64,0
7.37,175.22,4.13,1
4.54,602.51,11.94,0
8.16,0.0,11.81,0
10.13,1672.42,9.81,0
7.39,306.75,1.08,1
7.26,234.67,4.27,1
7.59,233.82,3.35,1
7.74,277.65,3.21,1
5.52,1434.79,15.17,0
7.91,176.91,2.73,1
4.43,0.0,6.11,0
7.38,224.63,1.61,1
7.54,531.47,0.63,1
9.06,2425.73,12.95,0
7.63,378.18,1.26,1
7.25,144.93,2.57,1
4.17,2496.34,18.44,0
8.02,393.13,1.66,1
6.97,382.25,1.28,1
3.89,794.55,15.12,0
4.38,464.64,15.81,0
9.58,1195.97,7.47,0
10.3,0.0,16.03,0
7.33,219.77,2.34,1
9.56,711.23,15.8,0
7.48,456.46,0.0,1
6.8,358.69,4.69,1
4.67,1545.56,8.45,0
7.81,214.28,1.43,1
3.82,1288.14,18.59,0
7.67,123.7,2.82,1
10.52,0.0,18.48,0
7.11,276.32,2.01,1
9.73,518.43,13.8,0
4.53,1356.41,2.69,0
7.1,288.53,3.0,1
5.8,538.58,13.78,0
6.81,2296.43,17.85,0
7.65,326.11,2.51,1
7.71,382.21,4.4,1
6.81,206.22,3.02,1
6.24,548.35,4.99,0
9.64,947.14,3.94,0
11.07,420.53,0.62,0
8.08,217.93,3.46,1
7.25,241.06,3.35,1
7.83,202.53,3.29,1
7.4,330.15,2.47,1
5.5,1689.57,13.12,0
11.03,560.59,0.0,0
10.55,1145.49,11.24,0
9.4,715.97,11.29,0
6.92,414.28,3.25,1
7.2,485.23,2.49,1
5.5,1228.78,18.92,0
7.1,249.82,3.42,1
7.91,308.7,2.2,1
9.55,622.5,7.22,0
7.7,488.62,2.67,1
4.43,1868.88,8.03,0
7.63,334.64,1.82,1
